Protein,Generated Sequence
MANEVIKCKAAVAWEAGKPLSIEEIEVAPPKAHEVRIKIIATAVCHTDAYTLSGADPEGCFPVILGHEGAGIVESVGEGVTKLKAGDTVIPLYIPQCGECKFCLNPKTNLCQKIRVTQGKGLMPDGTSRFTCKGKTILHYMGTSTFSEYTVVADISVAKIDPLAPLDKVCLLGCGISTGYGAAVNTAKLEPGSVCAVFGLGGVGLAVIMGCKVAGASRIIGVDINKDKFARAKEFGATECINPQDFSKPIQEVLIEMTDGGVDYSFECIGNVKVMRAALEACHKGWGVSVVVGVAASGEEIATRPFQLVTGRTWKGTAFGGWKSVESVPKLVSEYMSKKIKVDEFVTHNLSFDEINKAFELMHSGKSIRTVVKI,MMKGKLIKVLIVDDNPAIADLVGDILTSDGDYDVLKAYNGEEAIELAREALPALIILDIMMPGKTGFEVCEELRKNPETKDIPVIMLSVLDETRDKVRAFSVGAVDYITKPFHAEEVIARVRTHLKLAQVKNKLEEKNTVINRLLQEKRELAELLEDQIKKSGNDLPAENLAFSAYYKKARELGGDLYDIVIAEDKIGMAIADVLGKGLPGALLMSMIQTAIRLIAEDYISAPDKVDRRINEILTENTNGDQYATIFYAVYDKENGILTYSNGGHPYTLLKRGNRWEYLEARGIVLGMNPNFEYEEASIPLKKNDKILFFTDGFVERGGEDDIESLEKIVEKNDSEIEKVRQLLDLDPESENDEFMNVFLIQIN
MSTAGKVIKCKAAVLWELKKPFSIEEVEVAPPKAHEVRIKMVAVGICGTDDHVVSGTMVTPLPVILGHEAAGIVESVGEGVTTVKPGDKVIPLAIPQCGKCRICKNPESNYCLKNDVSNPQGTLQDGTSRFTCRRKPIHHFLGISTFSQYTVVDENAVAKIDAASPLEKVCLIGCGFSTGYGSAVNVAKVTPGSTCAVFGLGGVGLSAIMGCKAAGAARIIAVDINKDKFAKAKELGATECINPQDYKKPIQEVLKEMTDGGVDFSFEVIGRLDTMMASLLCCHEACGTSVIVGVPPDSQNLSMNPMLLLTGRTWKGAILGGFKSKECVPKLVADFMAKKFSLDALITHVLPFEKINEGFDLLHSGKSIRTILMF,MKLFSLKWLIICFFAGLLLIQLASCISDDKDNDKSRQVEVLDSSIFDGDSERLYDGQSHSDPKLSRKKDKRKKDKKKRSSPKPKQDRSDDYHDFDDTDKAKEKRDKRQSNEKESDDQTDKKSQVRPGKEGDDYLSKSAKNHSDADKERATLEGMMKDKHTGKFKDKGAENDKKDNKFTDKKGHTKAGLKSKSDGKADDKEFKGKLKVKDGDKLSEGDKKKGENSKKKKKDNGDAGLEPGEDSKKKKSRKRPDGDDKNKDKKDKKDKKGKGKAGKKKESKDKKKDKKDDEKDEPEEDDDKKKDKKDDDHGKDDREKGANDKKDDKLDKDEKDGKKDLGDKGKKDKKDGGDDGKDAVAGFRKGGRPDKGNRGRGDGF
MSTAGKVIKCKAAVLWELKKPFSIEEVEVAPPKAHEVRIKMVAAGICRSDEHVVSGNLVTPLPVILGHEAAGIVESVGEGVTTVKPGDKVIPLFTPQCGKCRICKNPESNYCLKNDLGNPRGTLQDGTRRFTCSGKPIHHFVGVSTFSQYTVVDENAVAKIDAASPLEKVCLIGCGFSTGYGSAVKVAKVTPGSTCAVFGLGGVGLSVVMGCKAAGAARIIAVDINKDKFAKAKELGATECINPQDYKKPIQEVLKEMTDGGVDFSFEVIGRLDTMMASLLCCHEACGTSVIVGVPPDSQNLSINPMLLLTGRTWKGAIFGGFKSKESVPKLVADFMAKKFSLDALITNILPFEKINEGFDLLRSGKSIRTVLTF,MKRSLSMICMLLTILVSLSCAAPPINYQSLTNEESSASTPSVERVAAALHARAFCKAGHATPHALNSHFDADRLVIDPKPADSPLAVAKRLADEIYRGATPAADLALITAIDAASAATTAKALKHPIDCFGHRPLAAPTAPPSAFQTQPLPFGPITLALLYAVRPGGSFKGFQAQVGPGVEGTTPSALAAALADLAAVRAAALVNAPDLAFSLDSASIIVPLGSPPSPLALSHNGTSETAAPISVSPTGIYEVLRTSSDRDLKVQLGVRHPSVIDRNISGLLQIQLKSTDAARTKVLVLSVVSDGDAIDLLPTGDSPTLSFSDAGPAMVATTPYMDPKQFVALTGTISAQPLPTLAISAAPGTPAVFDSLEVRIE
MSTTGQVIRCKAAILWKPGAPFSIEEVEVAPPKAKEVRIKVVATGLCGTEMKVLGSKHLDLLYPTILGHEGAGIVESIGEGVSTVKPGDKVITLFLPQCGECTSCLNSEGNFCIQFKQSKTQLMSDGTSRFTCKGKSIYHFGNTSTFCEYTVIKEISVAKIDAVAPLEKVCLISCGFSTGFGAAINTAKVTPGSTCAVFGLGGVGLSVVMGCKAAGAARIIGVDVNKEKFKKAQELGATECLNPQDLKKPIQEVLFDMTDAGIDFCFEAIGNLDVLAAALASCNESYGVCVVVGVLPASVQLKISGQLFFSGRSLKGSVFGGWKSRQHIPKLVADYMAEKLNLDPLITHTLNLDKINEAVELMKTGKW,MIAGLVKETKGNIRGVPLDPNTARSLTGLIDKIHIEKGANEGLFYPKEDYEDIGIELYDDRKELFESADLIIKCEPLTVEEINMLKEGAVVGSFIGKGNKEVIEAAAEKGVTLFSLETIPRTTVAGAMMTLTPMSTMAGYKAAIAGMESLNKFFPMLMTAAGTAKPAKVFVIGAGVAGLQAIATARRLGAVVEAFDTRPVVKEQIESLGGKFVEVEMDESGSDHGNPLSEEAKEKQKKAIEEHVKDADVVITTAQIKGKKAPELVTKEMVENMRPGSVIIDLAAGVKGNCELTEVGKTVVHNDVTIIGFTNICSQMPVQASELYSKNIANLLKLVLKENELALDLKNEVVSNMLVVKNKEVIDAEFKE
MFAEIQIQDKDRMGTAGKVIKCKAAVLWEQKQPFSIEEIEVAPPKTKEVRIKILATGICRTDDHVIKGTMVSKFPVIVGHEATGIVESIGEGVTTVKPGDKVIPLFLPQCRECNACRNPDGNLCIRSDITGRGVLADGTTRFTCKGKPVHHFMNTSTFTEYTVVDESSVAKIDDAAPPEKVCLIGCGFSTGYGAAVKTGKVKPGSTCVVFGLGGVGLSVIMGCKSAGASRIIGIDLNKDKFEKAMAVGATECISPKDSTKPISEVLSEMTGNNVGYTFEVIGHLETMIDALASCHMNYGTSVVVGVPPSAKMLTYDPMLLFTGRTWKGCVFGGLKSRDDVPKLVTEFLAKKFDLDQLITHVLPFKKISEGFELLNSGQSIRTVLTF,MNKKRSAGGLSAVVAVAVVVAAPFILNKGITLNVVVDVSQEQEESVESTPAQESATEADTKPATTEPSPRPVQPPREGAELTDDKAERLAELFDDHKLGADEVDLDDLLTGGADSAIPIAEARAAEAAADRLSAPAAASPLPPAHEAAAQPAAAEAHSTEAPAEAEAGEATAADSAEAAGDTASSPTAPATPDPDAAPQSSASATASSEAQDPDAAAQIADLALSAATDAPALETASLVGIVRLSPEGDALVVGRFYVAEPGVLAAMATTSTATEAATDAAPGAAAVQSSTEAVVATDGDRPSQATPAEVTLTDSEPESYGDADTILDGIKPAAPLADSDSDAPALDVLTGVRPAALAPRGPDPTPAYDPAAEDAERISPAGDLTH
MLRTSTLFTRRVQPSLFSRNILRLQSTAAIPKTQKGVIFYENKGKLHYKDIPVPEPKPNEILINVKYSGVCHTDLHAWHGDWPLPVKLPLVGGHEGAGVVVKLGSNVKGWKVGDLAGIKWLNGSCMTCEFCESGHESNCPDADLSGYTHDGSFQQFATADAIQAAKIQQGTDLAEVAPILCAGVTVYKALKEADLKAGDWVAISGAAGGLGSLAVQYATAMGYRVLGIDAGEEKEKLFKKLGGEVFIDFTKTKNMVSDIQEATKGGPHGVINVSVSEAAISLSTEYVRPCGTVVLVGLPANAYVKSEVFSHVVKSINIKGSYVGNRADTREALDFFSRGLIKSPIKIVGLSELPKVYDLMEKGKILGRYVVDTSK,MGDADVDVAANALGLDLGKLDRAYRHALAHPEDPRAWYIRALALHYGGRHREAADAFARLVALDPDLAEGQLNLAVCLQNAGRIDEAIAAYRRILDAEPDNILAHAGLAEALLEVGDTEEVEPRVSKLRASGAGPAPRALRLLGVALIARGDLRAADRALREEAAADDGDPSLLARLALAGLLADRPEEAAGFARTAVARDPGYGDAHNTLGTAAQRQGRLDEALAAWERAAALLPDAAGPHANLCAAHSAGGRHDAAAAACRRALDLDAGNAEAHVNLGFALSGLGRQDAAAAAFRRAIELKPGLAEAHLGLATTLGEQGRLDEAVAAYRAAARIDPGSAEALRGLGAALQELRERGEQARSADRRRAGAPGPM
MSIPETQKAIIFYESNGKLEHKDIPVPKPKPNELLINVKYSGVCHTDLHAWHGDWPLPTKLPLVGGHEGAGVVVGMGENVKGWKIGDYAGIKWLNGSCMACEYCELGNESNCPHADLSGYTHDGSFQEYATADAVQAAHIPQGTDLAEVAPILCAGITVYKALKSANLRAGHWAAISGAAGGLGSLAVQYAKAMGYRVLGIDGGPGKEELFTSLGGEVFIDFTKEKDIVSAVVKATNGGAHGIINVSVSEAAIEASTRYCRANGTVVLVGLPAGAKCSSDVFNHVVKSISIVGSYVGNRADTREALDFFARGLVKSPIKVVGLSSLPEIYEKMEKGQIAGRYVVDTSK,MKYILNILIFLGLMLGIALSACDPEFGEDQMSILKNELFSTEEALEHTEQLTAFWNALEALEDDPCNFMVDRYGTSPYPWGSIIDDEYADTDHTIQEKVISYLSEGDLNGKVISVKDYLLIKQESNLNEDDMLEYLFGDMVKELYDGTYSYFDFIELTEKIPTLGSVLDEDEKDAITPWLTANIAIANLTQANDNNYTVYLKGKSLTVRAGKIILKTKYYKPDDEDEGAYPETKSGFLLVELLERSTEEGETEEFYLRANNKTFDPTLPAEERINYFVQKFEEKHYFIVAIDIDNKKLNEATINIDLDGFGKVVKVVIDGNVIQAYKKTWALTIPEDLEVIIDVEKMK
MSIPETQKGVIFYESHGKLEYKDIPVPKPKANELLINVKYSGVCHTDLHAWHGDWPLPVKLPLVGGHEGAGVVVGMGENVKGWKIGDYAGIKWLNGSCMACEYCELGNESNCPHADLSGYTHDGSFQQYATADAVQAAHIPQGTDLAQVAPILCAGITVYKALKSANLMAGHWVAISGAAGGLGSLAVQYAKAMGYRVLGIDGGEGKEELFRSIGGEVFIDFTKEKDIVGAVLKATDGGAHGVINVSVSEAAIEASTRYVRANGTTVLVGMPAGAKCCSDVFNQVVKSISIVGSYVGNRADTREALDFFARGLVKSPIKVVGLSTLPEIYEKMEKGQIVGRYVVDTSK,MSNPVLASLLRDALGPLLAQIAQHASRNALIADLDSSLSEFLAAATWLRQLPSPTAKRSRTTTSGAALADAAVASLETAGASTAAQVAAALEAAAECAAAPVEDARGLPIVGAAAIGGHARAAGPAGATARLAAAARTRSAGLGATAVRSAAPAGAARPAARATAAAAAAAQAAAAGLSLDGAASPAAAGPTTAAGAARGTAPLATAAAATAARAVARAPAERAGAAVAAGAVAVSAAAARAAAEGDAARAVAAAAAATAAAGAAAAAAAAARAAATAAAAASAGATAGAALAAAARAAAAGAAAAARAAGAGAIAAAAAAAAAAAAEVAAVAAAAAVAAAAENAARV
MSTTGQIIRCKAAVAWEAGKPLVIEEVEVAPPQKHEVRIKILFTSLCHTDVYFWEAKGQTPLFPRIFGHEAGGIVESVGEGVTDLQPGDHVLPIFTGECGECRHCHSEESNMCDLLRINTERGGMIHDGESRFSINGKPIYHFLGTSTFSEYTVVHSGQVAKINPDAPLDKVCIVSCGLSTGLGATLNVAKPKKGQSVAIFGLGAVGLGAAEGARIAGASRIIGVDFNSKRFDQAKEFGVTECVNPKDHDKPIQQVIAEMTDGGVDRSVECTGSVQAMIQAFECVHDGWGVAVLVGVPSKDDAFKTHPMNFLNERTLKGTFFGNYKPKTDIPGVVEKYMNKELELEKFITHTVPFSEINKAFDYMLKGESIRCIITMGA,MSTTRSGLTGQALTTRHNGPSKVVTARRAPLTRSVGNTGRSAPGPAPATPATADPAALREGQRALAAEVDAALPSALGVLAPLNAHDPGLLAILPAAPAPAPPPLAAPLALPPPVRPVHALAAAALAAAPAAAPAPLPDLSPAPSAAAGATLPAPLLGAPSESPPAPVTAPALLASADPPAPPPARPDPPAVASPAPSPSLTASAPAPPPAPPTAVPPASTDAAPAALPASLLPPPSAAPLTAVPVAPPRAAGAPDASAAKPPPPRPPPAPQGAAAAPGGRPTPPPGRAPATAGLAVTPFAKLPALGAGAADLLISDRPPAPPAPPAATAAGPPRAAVGPGGEGGPGPGVVGALGVAAAAALGLPPAWRPRPSPPPPPA
MPYVFLLSPQLEIASQWDGYYEKTFEVSDHVHKEIILKVSGQTVLITGSGSGLGRLMAFEFGKLGARLVLWDINEQGNKETLKELEAMGVEAKAYTVDLSEYKEINRTADLVKSEVGKVDILVNNAGIVTGKKLLQCPDELMVKTVSVNTNALFFTTKNFLPGMLESNKGHIVTIASMAGKCGVAGLVDYCASKHGAVGFNDSLASELYALKKDVKTTVVCPIYINTGMFDGIATKWPTLLPILSPEYVVDCIMEAVLTDRAFLAIPKFSYIFIALAGLLPTEVLNLYGDHFGITHSMDHFKGRQSRQA,MVRLRIAVVSVLLIGLLLWFVARTTGPPGDVQVVAQRAWRASVAGAFDGTLEAATDLALAFGESGVVREVVVAEGDHDRAGAVVGRLDDTERRVAVRSAALALEEAEAALAQAQMELARVRPLADRGLVSQAELDRARGQVRLAESNRELRRAEFERARTALDRTVLRAPSDALILEVAVRPGDRARAGQAVVRQAGLDRLRVRLPVYKRLLDEVDRIDRVRVRSAEGGEMAVRELSRAGRLDVLREAVTVELELRDSASPALAGLVAGDVRPRAAVELRAERAPLDVVGGAADRAVGLALDAGGVVLL
MAVTNVAELNALVERVKKAQREYASFTQEQVDKIFRAAALAAADARIPLAKMAVAESGMGIVEDKVIKNHFASEYIYNAYKDEKTCGVLSEDDTFGTITIAEPIGIICGIVPTTNPTSTAIFKSLISLKTRNAIIFSPHPRAKDATNKAADIVLQAAIAAGAPKDLIGWIDQPSVELSNALMHHPDINLILATGGPGMVKAAYSSGKPAIGVGAGNTPVVIDETADIKRAVASVLMSKTFDNGVICASEQSVVVVDSVYDAVRERFATHGGYLLQGKELKAVQDVILKNGALNAAIVGQPAYKIAELAGFSVPENTKILIGEVTVVDESEPFAHEKLSPTLAMYRAKDFEDAVEKAEKLVAMGGIGHTSCLYTDQDNQPARVSYFGQKMKTARILINTPASQGGIGDLYNFKLAPSLTLGCGSWGGNSISENVGPKHLINKKTVAKRAENMLWHKLPKSIYFRRGSLPIALDEVITDGHKRALIVTDRFLFNNGYADQITSVLKAAGVETEVFFEVEADPTLSIVRKGAELANSFKPDVIIALGGGSPMDAAKIMWVMYEHPETHFEELALRFMDIRKRIYKFPKMGVKAKMIAVTTTSGTGSEVTPFAVVTDDATGQKYPLADYALTPDMAIVDANLVMDMPKSLCAFGGLDAVTHAMEAYVSVLASEFSDGQALQALKLLKEYLPASYHEGSKNPVARERVHSAATIAGIAFANAFLGVCHSMAHKLGSQFHIPHGLANALLICNVIRYNANDNPTKQTAFSQYDRPQARRRYAEIADHLGLSAPGDRTAAKIEKLLAWLETLKAELGIPKSIREAGVQEADFLANVDKLSEDAFDDQCTGANPRYPLISELKQILLDTYYGRDYVEGETAAKKEAAPAKAEKKAKKSA,MSFQFLLEPRNQIAKDASVDLLSKLEDAEKLEQAKLELEKERAELVKGIAEKAAAEKLKEEEASVSVAGDEVAVAVQKAKTALQLKAKAETQAERQDKAATFEELATTKAQGASRLAQEAKEKAKAAGAAAKAAEAAFAVEQAAKKKERAETEERAKQNEAYEAELEREKKKPMKAAKKAKADEDRGEAEEAEELEEGAEEEEDAEVVEDAEEAAEEEDHKDAGDESAPEPEADEEAPKLEAEIAEEVDAKEEEKKVDDKKEDVVKDKDGQDEGEGEEEEADETQAKEEEEEDAAKAEGAEEEEVEPEEEEAEAAPEEEEEKAEEEEEEEEPPADKEAAEEAKGEEAEAGEEEEAEAEEAEVPDEKGEKAEEEDADGTEVEEEAEAGEEGEEEEAVAEEAEDDDEEAVSEKEEDAEEDEEEEDEEEEDEELEEEDLGEEDEEEDVAEKEEEVDAEEEEAEEAEEAEKVAEEEDVADEEEDEDEDEEEEEEADETSGEETEAEKAAAEVEEKEEASESEAEASGELEAAKEEEADAEAAKEEPEEKEAEEEAEKEVEAEAEEDSEEEEEEAEEDAEEEEAAEVPEKTAAELEAAEAEAKAEEAEEQKAEEEAAQAAKEAKATAKAEAAAAAAAAAAEAEKPADAAAEQEGEKAAAKEEAEEAEEATEEEEDKAEEEEEKGEEKAEEAEEEEAEEGEAEEEPAEEETAAGEAEEEEKAEAAEGAEATEAAKAALVAAVAAKGAPGEAAPRKGKAPSRAKAPAPSKEKKSSKKEAAKEKEGAAKDGASKKEAKKSGAVVTQVKPKGVKKTQAARKPKPKFKVAAKEKKGDEKEEQAKAKLVEQSTKKLEVDIRTLKRVTAEVMAEAEVDKKPKKVEGFIVKKKPTLLRAKLRQK
MSTAGKVIKCKAAVLWEPHKPFTIEDIEVAPPKAHEVRIKMVATGVCRSDDHAVSGSLFTPLPAVLGHEGAGIVESIGEGVTCVKPGDKVIPLFSPQCGKCRICKHPESNLCCQTKNLTQPKGALLDGTSRFSCRGKPIHHFISTSTFSQYTVVDDIAVAKIDAAAPLDKVCLIGCGFSTGYGSAVQVAKVTPGSTCAVFGLGGVGLSVVIGCKTAGAAKIIAVDINKDKFAKAKELGATDCINPQDYTKPIQEVLQEMTDGGVDFSFEVIGRLDTMTSALLSCHSACGVSVIVGVPPSAQSLSVNPMSLLLGRTWKGAIFGGFKSKDAVPKLVADFMAKKFPLEPLITHVLPFEKINEAFDLLRAGKSIRTVLTF,MRILELPKSNPITLPVLKQSYLAFEKACENGAISNMRWLSEERGWKALLQEEGYGLFGYVAVYGSESGRKLQLAAPLARVLLSLNVAHSPVNMIPFDDALDAAKRVDGIRRYWSSEKRIEIRLAKPTEDVLVLYAVDEYYDVKDFYQIALELVLTRDLPTGAIPGQVIDVLTSKFRRELEDSRLSGELPAPLGSVISKSLQAGFELVEEAVISIPFAHNDQRAIYSSLAGIETRPVHLSQLAELLIGASHHEDVSSVEGGRLAIDGIIKEKVEYLRNVNKDVLTRRSGLGLLALANGLAERVRNQEARKSMGLLLSYILPDRTITLPLVYVDLGSGLAVAYLGFVANSKRLRERTALVRIYIAYAVYDNKHWTEAL
MSSVTGFYIPPISFFGEGALEETADYIKNKDYKKALIVTDPGIAAIGLSGRVQKMLEERDLNVAIYDKTQPNPNIANVTAGLKVLKEQNSEIVVSIGGGSAHDNAKAIALLATNGGEIGDYEGVNQSKKAALPLFAINTTAGTASEMTRFTIISNEEKKIKMAIIDNNVTPAVAVNDPSTMFGLPPALTAATGLDALTHCIEAYVSTASNPITDACALKGIDLINESLVAAYKDGKDKKARTDMCYAEYLAGMAFNNASLGYVHALAHQLGGFYHLPHGVCNAVLLPHVQEANMQCPKAKKRLGEIALHFGASQEDPEETIKALHVLNRTMNIPRNLKELGVKTEDFEILAEHAMHDACHLTNPVQFTKEQVVAIIKKAYEY,MSPNNSNGKIIGLSDLPEDIILEILSLLPIKSICRCRCVSKKWNSLISTSHVKKRHLKRSMEKKSLFFLFEINTQSSNGSLISFCTQPPLLFSKTPNQEKNWSSYGPLSLGNLIGVSLFDSCNGLLVLLNKNEKKFVIYNPMTNQTKIIPINLNSKISYISSIYSGSDSEPCSHNCIFVFNLNEDLNKLLFYINNEEQNYYNLDNAEYFIYNSKSVYISNELNLLVYDSINNIYRILSFNVQNNTIRKISIIPPLKGKCILTEYFNQLNLIKYALNSTNNDNVELLEFWIFDLIKENWEYWFEFSFSDILFRLYRLYISKNYKRREFVIYSYDLDDTIIDFLFLNTTSKKIDVFKLSSENTTGNGISFSGSIYHFVEDYSFQ
MKSRAAVAFAPGKPLEIVEIDVAPPKKGEVLIKVTHTGVCHTDAFTLSGDDPEGVFPVVLGHEGAGVVVEVGEGVTSVKPGDHVIPLYTAECGECEFCRSGKTNLCVAVRETQGKGLMPDGTTRFSYNGQPLYHYMGCSTFSEYTVVAEVSLAKINPEANHEHVCLLGCGVTTGIGAVHNTAKVQPGDSVAVFGLGAIGLAVVQGARQAKAGRIIAIDTNPKKFDLARRFGATDCINPNDYDKPIKDVLLDINKWGIDHTFECIGNVNVMRAALESAHRGWGQSVIIGVAVAGQEISTRPFQLVTGRVWKGSAFGGVKGRSQLPGMVEDAMKGDIDLEPFVTHTMSLDEINDAFDLMHEGKSIRTVIRY,MKRSTFLAAACAAAALTGLGGSGAQAPAVTAEAAAAAAGPAGPAVAARPAGGVTAADRLAAAADALSGAKAYRTAALLAERAEAAAPGDPAAHRALGRALLRQGEALRRAGRPAQAREAFDRALRAARQAVRLDRADGAAHALLAVSRAAAARARPAALLVDLLAGGLAGDLAAGRQLLAALAAGAASGADLRQLLGAAAAGAAAAPGAQAAALAAAGAAAGGAAGAAAQAATAGRRRRGAEAAAAALLEVAGRRAATEVAAAGLAVVPLRAAAAAGEGAGRSLARALAAAAAAGAAAPDGAAPAAAAAGGAASGLVGAAVEAAGAAEAAAAAAAGAPGAGAVGAAAAVRGLAGRAVAGRAARRAPAVG
MSAATVGKPIKCIAAVAYDAKKPLSVEEITVDAPKAHEVRIKIEYTAVCHTDAYTLSGSDPEGLFPCVLGHEGAGIVESVGDDVITVKPGDHVIALYTAECGKCKFCTSGKTNLCGAVRATQGKGVMPDGTTRFHNAKGEDIYHFMGCSTFSEYTVVADVSVVAIDPKAPLDAACLLGCGVTTGFGAALKTANVQKGDTVAVFGCGTVGLSVIQGAKLRGASKIIAIDINNKKKQYCSQFGATDFVNPKEDLAKDQTIVEKLIEMTDGGLDFTFDCTGNTKIMRDALEACHKGWGQSIIIGVAAAGEEISTRPFQLVTGRVWKGSAFGGIKGRSEMGGLIKDYQKGALKVEEFITHRRPFKEINQAFEDLHNGDCLRTVLKSDEIK,MNKVLIKDFSIPLKNEANEDQADIKKLRDWAVRSRLELIETDKAVTEYNSREVKVRRWSITPAIDDIDEKRFKDSIQPAIATFKATDSAYKNTATNRISLGKYPAKYYEISLCTSSLYVPDTIDFRYKKGEDASKKNLEKEIELGRKELAFATKELLSSGSYSFINEDGDISDRLTIKAGQNVIYTEYPFNGKSSAINVSKLSAKEKGDLLLSSDLKILVGHLELPQKVDYNNLDRNLIGGTKLIKDKKERFFAYAIRSLGIVEESIDFVTFRNSTDKIEKAGLMFTPELSLSSFFQILPEKGYSIDHLNEGKMDREFENFDNYLASREESFYLLYQKMLDDLDSEANRSVLDFFDHKIEIIRSLLKGAPLYLVDSLKAKAIAATA
MSTAGKVIKCKAAVLWELHKPFTIEDIEVAPPKAHEVRIKMVATGVCRSDDHVVSGTLVTPLPAVLGHEGAGIVESVGEGVTCVKPGDKVIPLFSPQCGECRICKHPESNFCSRSDLLMPRGTLREGTSRFSCKGKQIHNFISTSTFSQYTVVDDIAVAKIDGASPLDKVCLIGCGFSTGYGSAVKVAKVTPGSTCAVFGLGGVGLSVIIGCKAAGAARIIAVDINKDKFAKAKELGATECINPQDYSKPIQEVLQEMTDGGVDFSFEVIGRLDTMTSALLSCHAACGVSVVVGVPPNAQNLSMNPMLLLLGRTWKGAIFGGFKSKDSVPKLVADFMAKKFPLDPLITHVLPFEKINEAFDLLRSGKSIRTVLTF,MQWYAIFQAKTPAAQALTDKSRNTLLAIAQANELPPGIAQTLDDFAVLVEGAADPRCAGLRAVEAAAPGLHALGAIAALALAREGAIPNHDPLARAAWGLAVAAATDAAALVHHRTLDGAIIVRPDAASMLRAFGAAGDIAEPRQGVLAALWHDIPAAARRDFRALRAATMDAGISIAYFAPAAASALLAALAARREPILPRHFQVVPDVTRAKIGAPADSARLAILCRALAEARAEDIRRPADRYAACALALEVSAAASLPLRVAKTGLSPAIGRLGLAPGAPAPPFALGTHADLPLTRALRAVAIAEGAMLALAGLPVDGPPPSLLAARTAAARRDGAALWRAPLPAGLPRGATPSRRRAAEAFALLGVSDAG
MSFTLTNKNVIFVAGLGGIGLDTSKELLKRDLKNLVILDRIENPAAIAELKAINPKVTVTFYPYDVTVPIAETTKLLKTIFAQLKTVDVLINGAGILDDHQIERTIAVNYTGLVNTTTAILDFWDKRKGGPGGIICNIGSVTGFNAIYQVPVYSGTKAAVVNFTSSLAKLAPITGVTAYTVNPGITRTTLVHKFNSWLDVEPQVAEKLLAHPTQPSLACAENFVKAIELNQNGAIWKLDLGTLEAIQWTKHWDSGI,MVESLLALGEARGPGTAEDTASLVRAATPEPLNRVTADRRPESAHPAITARAFDLLRPDWPAAAEMARAAVREALESTLLVRLAPAELASLAWALGSLPGLDGGARAALLGLLREALRALAERGPGDAAAAAAPEAARAAAAALAVLGLAALAGPAAAAAAAALAASADASSALAASAAAAAPALAAGPAPPGAAAAAGAAAAAARLAAAGAAALAAAADGLAGAYAPALGRLAAALAAGAIRTWLPARRAEPARG
MANQVIRCKAAVAWEAGKPLSIEEIEVAPPKAHEVRIKILATAVCHTDAYTLSGADPEGCFPVILGHEGAGIVESVGEGVTKLKAGDTVIPLYIPQCGECKFCLNPKTNLCQKIRVTQGKGLMPDGTSRFTCKGKSVFHFMGTSTFSEYTVVADISVAKIDPSAPLDKVCLLGCGISTGYGAAVNTAKVEPGSTCAVFGLGGVGLAVIMGCKVAGASRIIGIDINKDKFAKAKEFGASECISPQDFSKSIQEVLVEMTDGGVDYSFECIGNVKVMRSALEAAHKGWGVSVVVGVAASGEEISTRPFQLVTGRTWKGTAFGGWKSVESVPKLVSEYMSKKIKVDEFVTGNLSFDQINQAFDLMHSGDSIRTVLKM,MSQYEDWFRELAAERGVTEAALDEIETAARERLLAGTPLDRALEAALDELPEPYSARTETGEAPPAIALVGADEAEQRRARLLGGYLGARVATPADADVILAIAPTTVSTATANDAVAVSALLEAAAGARAHRLHAHDLQADVDRTLGWLPRRLLTEGALLVVLPRAEGLAARLADRTLAAALAPAPEPPVRAAALGIAVVIAVTAAVELPAETAEALAKLAAWLPDLDDLVGRREAVGRVRVEGAVGGAGGLVGAAYVVGAVGGAAYVADAVVALVGAVDDVTVGGIPAGLLAAVDATGDALDDGVDGGVDAAGDGLDDGVAAGVAGAEGVVSVAPGRLPVAAAAAGLGGGTVGPSRHAGLGLGLLLGTPPAA
MSATEGKVITCKAAVAWEAKKPLVIEDIEVAPPKAHEVRIKITATGVCHTDAFTLSGADPEGLFPVVLGHEGAGIVESVGEGVTNFKAGDHVIALYIPQCNECKFCKSGKTNLCQKIRLTQGAGVMPEGTSRLSCKGQQLFHFMGTSTFAEYTVVADISLTKINEKAPLEKVCLLGCGISTGYGAALNTAKVEAGSTCAVWGLGAVGLAVGLGCKKAGAGKIYGIDINPDKFELAKKFGFTDFVNPKDVADKGSIQNYLIDLTDGGFDYTFECIGNVNTMRSALEATHKGWGTSVVIGVAGAGQEISTRPFQLVVGRVWKGSAFGGWRSVSDVPKLVEDYLKKDLLVDEFITHELPLSQINEAFDLMHKGESIRSIIKY,MSAVASLDASAAGNDVTLSNGALLDAGVTAVEAGADRTAAGSAQAATGGGLAAAGQAAAQRGGALHGSVAGVGAAPGRAPRPAVDPAAGARVAAAGARGAREAQRRASSRGRGGGFGAGGLGGAAGSEGAKGDSAGGAPGGPAGAEGADRRARPSGADAAGSAGQGGGRGALLRAEAAAGASGLAVGAGGGVSGGGGARSRRASAEVARAAFDARGNRAAGGGPAAAGGAAGQGAGLGSGAGRPAGRTAPGGQGVGAAGGAAAGGAGAAGAGGPGRGGAAKRAAAARLAGPNVAAAGAAAAGAAAARVGPRSAGRASAAAGARRRGASGKGRAGAAAQRARGAARGGQEARGGVGAGGPGGRRAGAAGGAARAGRAGSA
MSSTAGQVINCKAAVAWSAKAPLSIETIQVAPPKAHEVRVKILYTAVCHTDAYTLDGHDPEGLFPVVLGHEGSGIVESVGEGVTGFAPGDHVVPLYVPQCKECEYCKNPKTNLCQKIRISQGNGFMPDGSSRFTCNGKQLFHFMGCSTFSEYTVVADISLCKVNPEAPLEKVSLLGCGISTGYGAVLNTCKVEEGSTVAVWGLGAVGLAVIMGAKAAGAKKIVGIDLIESKFESAKFFGATECINPKSVELPEGKSFQAWLVEQFDGGFDYTFECIGNVHTMRQALEAAHKGWGVSCIIGVAGAGQEIATRPFQLVTGRTWKGTAFGGWKSVESVPRLVDDYMNKKLLIDEFITHRWNIDDINTAFDVLHKGESLRSVLAFEKI,MSLDSRNELSQWLKAAGTDWGIIPSLYSWRKPGIQEKGSAWVFLLKLIILVRELGLGPAYGVIRDNEADMSTSSSRVLQQPSTKLWKQFEGAVFQLRSQVSPVYASVEKSLWVQRESEAAVFEKAVGAGLGSELRSTRLPRNVGQANVKPVRPNFKKQCQEAEQARWGRKSSKAATLRVKQVEPTSFIGKHNLQPAKDADKTTALPGRGCGDKVPSAAPKKEQSESTQNVLSTRGLSNEGIRNEGVRVIGIKDEREETLHELLQVSPLLPGVPTDPTKPPNKHRTLLDTDSESAAPRGEKERLDDLRFGLLRLLFPMESRNRITDRIGMIVLVVLLEEYAVNGFGEVTECCRLDRVAKTAVQEEMEKITKLKGIPPRQPSTNKT
MANQVIRCKAAVAWEAGKPLSIEEIEVAPPQAHEVRIKIIATAVCHTDAYTLSGADPEGCFPVILGHEGAGIVESVGEGVTKLKAGDTVIPLYIPQCGECKFCLNPKTNLCQKIRVTQGKGLMPDGTSRFTCKGKPILHFMGTSTFSEYTVVADISVAKIDPSAPLDKVCLLGCGISTGYGAAVNTAKVEPGSTCAVFGLGGVGLAVIMGCKVAGASRIIGIDINKDKFAKAKEFGATECINPQDFSKSIQEVLIEMTDGGVDFSFECIGNVKVMRSALEAAHKGWGVSVVVGVAASGEEISTRPFQLVTGRTWKGTAFGGWKSVESVPKLVSEYMSKKIKVDEFVTGNLSFDQINKAFDLMHSGNSIRTVLKM,MTWLETLILAIIEGITEWLPVSSTGHLIMAGHLLGFRDREAGFTGQLVDGGIKASDCAAIIAYVAKFGVLLVGMGRALRDGGGATEIGIGIVGLATAVGPWLLAIQVVILALLPVYYLITAAPVALGWAAAIDGDASFALAARAFIGFVAVVGAGFAIWKSLWTNTAPGLLFLGLAVDAALTWVGLRLGLQGGVLFGLGAIAFVGSALFTDSAAATLFLTGMVAWLVIVTLVFSVIRGKRVFLSPGGRRWLFIAAGVVILALYDSGVSTTVSGGAVLVDLTPAAVLLIAGAVLMAIGRPTRAGEWASPYFRLLIGGLTGVVVGLLTGDAVGIAMGPTGWAGIIAPGALTGAAAATGLLIISKAQLPFFGRRVVL
MANQVIKCKAAVAWEAGKPLSIEEVEVAPPKAHEVRIKIIATAVCHTDAYTLSGADPEGNYPVILGHEGAGIVESVGEGVTKLKAGDTVIPLYIPQCGECKFCLNPKTNLCQKIRVTQGKGLMPDGTSRFTCKGKTILHYMGTSTFSEYTVVADISVAKIDPLAPLDKVCLLGCGISTGYGAALNAAKVEPGSTCAVFGLGGVGLAVIMGCKMAGAARIIGVDINKDKFARAKEFGASECINPQDFSKPIQEVLIEMTDGGVDYSFECIGNVKVMRAALEACHKGWGISVVVGVAASGEEIATRPFQLVTGRTWKGTAFGGWKSVESVPKLVSEYMSKKIKVDEFVTHSLPFDQINEAFDLMHAGKSIRTVVKL,MVSVDSIETALRVTPRGGKNGDVRNVVGAALEAAQQQIYAVPSLARQLERFQWEAARATDGILGALSQTLLLLWLQVQLEAAASVATGSLAPAAAAARRLRAAVAQRVPAVPAAAAQVTALVATAALAAARAAAAAAAQVPALAAAVAPAAAAAAVLAAPAAAAALPAAAVAQAAAVAATAFAALARAAHRVLAALAAAPAAVARPAAAAAARAAAAAARAAAVAAAAAAAAAAAAPLAASAAAAAAVAHLAAALAAAAAAALRAAAAAAAAAAAAAAAATHALPSLGLATLTGATAGGLAAASAAALAIVAGQAAGQAAAAALALAQAIAAGAAAAPAVLAAAAALAAAAAAVAALVAVAVALAAAAASRHAQ
MATQGQVITCKAAVAYEPNKPLVIEDVQVAPPQAGEVRIKILYTALCHTDAYTWSGKDPEGLFPCILGHEAAGIVESVGEGVTEVQAGDHVIPCYQAECRECKFCKSGKTNLCGKVRSATGVGIMMNDRKSRFSVNGKPIYHFMGTSTFSQYTVVHDVSVAKIDPTAPLDKVCLLGCGVPTGLGAVWNTAKVEPGSNVAIFGLGTVGLAVAEGAKTAGASRIIGIDIDSKKYETAKKFGVNEFVNPKDHDKPIQEVIVDLTDGGVDYSFECIGNVSVMRAALECCHKGWGTSVIVGVAASGQEISTRPFQLVTGRVWKGTAFGGFKSRTQVPWLVEKYMNKEIKVDEYITHNLTLGEINKAFDLLHEGTCLRCVLDTSK,MSTAKQAMKLGKEPKSSLPSRKIGKIIFLRLLLFAILLLVWIASPFLARKALSGKDRVFDPAQSLAKLLDSTGKPVGNYASEGQIVVPQLDALGDVIDQSQNIRSPDDVDKIPEKLNRDFSEPPNASKAGENPNQGVANNTDIQTDDLESQPLKKAIEQNDILSPFKETISEAGVKTQLLVLNAKSKDLSGPELQNELGQINYKTKLRSNLAESITELQSYNDGLSLKKNLTPAAEDKSLKSSSDDEKLKAPKRLRSVDQRIDSVFLVIPPLAVQNESPKRVFKEKLSDNAVTVNAKSGTESVVNSTNPKVFITESAEKDPSRTRIEKGNVLASFLIEKGRGQGVVNGSNLILISDGKRIVDASSGFGEVELISRLPSK
MDTAGKVIKCKAAVLWGTNQPFSIEDIEVAPPKAKEVRVKILATGICGTDDHVIKGTMVSKFPVIVGHEAVGIVESVGEEVTTVRPGDKVIPLFLPQCRECNPCRNPEGNLCIRSDLTGRGVLADGTTRFTCKGKPVQHFMNTSTFTEYTVLDESSVAKIDAEAPPEKACLIGCGFSTGYGAAVKTAKVSPGSTCAVFGLGGVGLSVVMGCKAAGASRIIGIDINKDKFQKALDVGATECINPRDFTKPISEVLSDMTGNTVQYTFEVIGRLETMVDALSSCHMNYGTSVVVGAPPSAKMLSYDPMLLFTGRTWKGCVFGGWKSRDDVPKLVTEFLEKKFDLGQLITHTLPFHNISEGFELLYSGQSIRTVLTF,MQELIQKYDTERIVEELDAGFPKDLNALFDEDRGPVLRAVAPLMDQALTEAISSPNPLGGAAARLWGAAPLLDYERLTAVATPASGSLAVRLTEELNAGANSLSILDEFERGAARHAASRIGRAVAGASSAVAFQFEQLAADDARLAAGDLRAAAAAADAGFGASPRIAARDGLMMHAGGRLPAAVTAVDSSRGLRGEPVSAEDASAASAAADLLAEGAVGRADAFGAAAGAGQARAAAAWASAASEVRARPLSGAAAAGRADAAAAAAPNDAAAGAELALAARAGRDVAAAAAGAASLPRSARGVSGADAAAGGSAGAAAGPLGAEVLSLSKLGHDAKLDRIERRRLLALFDWTRAALIAALALPIAALRHIA
MGTAGKVIKCKAAVLWGVNQPFSIEEIEVAPPKAKEVRVKILATGICRTDDHIIKGSMVSKFPVIVGHEAVGVVESVGEGVTTVRPGDKVIPLFLPQCRECNACLNPEGNLCIRSDLTGRGVLADGTTRFTCKGKPVQHFMNTSTFTEYTVLDESSVAKVDGAAPPEKACLIGCGFSTGYGAAVKTAKVTPGSTCVVFGLGGVGLSVIMGCKAAGASRIIGIDINKDKFQKALAVGATECISPKDSTKPISEVLSDMTGNTIQYTFEVIGRLETMVDALSSCHMNYGTSVVVGAPPSAKMLTYDPMLLFTGRTWKGCVFGGWKSRDDVPKLVTEFLEKKFDLDQLITHTLPFNNINEGFELLYSGKSIRTVLTF,MILNNASTVSFVSFLFLIALSACSTAKGEIIVIQEATNGDAFCLAAPSNFIVDGVEYVFASQSVFTENTSKNVTLKDGAEFCVASQSNAPIQIAGKSLNLAADGKITAIAEVSDKVTIGQASPNNPVTVLLKSLPTELFAMDDCTQKVSDVTIGVSNELLTITPSTVESAAFKTSTTNTLHLTKASSLLEAADKLHTKNAKKGFNLITSSEGNELSEELKTDANVTASITAQIKDFAAGIYATTPTGGIIIGTTKRRGDKSFDLKILNGEVKTGSASLSINVGPLTAPSVNGSITPAKVTLFIRKLGGIDTIAPKEEPISLVLSTGVAELGSIPGTEFNVQNYNLFRGGKPGDNIITLTVKLNITGTIKFIVAD
